{"name_course": "Curso Sites Lucrativos [ WordPress, ElementorPro ]", "time_course": "523h20m00s", "time_course_seconds": 1884000, "number_of_modules": 27, "modules": [{"name": "01 - Introdu\u00e7\u00e3o (LEIA ANTES DE COME\u00c7AR)", "number": 1, "finalize_name": "01 - Introdu\u00e7\u00e3o (LEIA ANTES DE COME\u00c7AR)", "time_module": "05h00m00s", "time_module_seconds": 18000, "number_of_videos": 3, "files": [{"name": "01 - Bem Vindo", "time_video": "01h40m00s", "time_video_seconds": 6000}, {"name": "03 - B\u00f4nus Elementor Pro", "time_video": "01h40m00s", "time_video_seconds": 6000}, {"name": "05 - Estrutura do Curso", "time_video": "01h40m00s", "time_video_seconds": 6000}]}, {"name": "02 - Pr\u00e9 Requisito", "number": 2, "finalize_name": "02 - Pr\u00e9 Requisito", "time_module": "18h20m00s", "time_module_seconds": 66000, "number_of_videos": 11, "files": [{"name": "01 - Introdu\u00e7\u00e3o", "time_video": "01h40m00s", "time_video_seconds": 6000}, {"name": "02 - O que \u00e9 e como escolher um Dom\u00ednio", "time_video": "01h40m00s", "time_video_seconds": 6000}, {"name": "03 - Como contratar Hospedagem", "time_video": "01h40m00s", "time_video_seconds": 6000}, {"name": "04 - Como Instalar o WordPress", "time_video": "01h40m00s", "time_video_seconds": 6000}, {"name": "05 - Instalando o Elementor", "time_video": "01h40m00s", "time_video_seconds": 6000}, {"name": "06 - Instalando o Elementor Pro (Maneira Oficial)", "time_video": "01h40m00s", "time_video_seconds": 6000}, {"name": "07 - Primeiros Passos com o Elementor", "time_video": "01h40m00s", "time_video_seconds": 6000}, {"name": "08 - Principais Elementos (Widgets) do Elementor", "time_video": "01h40m00s", "time_video_seconds": 6000}, {"name": "09 - Copiar e Colar e Colar Estilo (Dica)", "time_video": "01h40m00s", "time_video_seconds": 6000}, {"name": "10 - Elementor - Navigator (Dica)", "time_video": "01h40m00s", "time_video_seconds": 6000}, {"name": "11 - Conclus\u00e3o", "time_video": "01h40m00s", "time_video_seconds": 6000}]}, {"name": "03 - Planejamento do Site", "number": 3, "finalize_name": "03 - Planejamento do Site", "time_module": "18h20m00s", "time_module_seconds": 66000, "number_of_videos": 11, "files": [{"name": "01 - Qual o Prop\u00f3sito do seu Site (Tipos de Site)", "time_video": "01h40m00s", "time_video_seconds": 6000}, {"name": "02 - Definindo as P\u00e1ginas - parte 1", "time_video": "01h40m00s", "time_video_seconds": 6000}, {"name": "02 - Definindo as P\u00e1ginas - parte 2", "time_video": "01h40m00s", "time_video_seconds": 6000}, {"name": "03 - Criando Links", "time_video": "01h40m00s", "time_video_seconds": 6000}, {"name": "04 - Planejamento de uma P\u00e1gina", "time_video": "01h40m00s", "time_video_seconds": 6000}, {"name": "05 - Refer\u00eancias", "time_video": "01h40m00s", "time_video_seconds": 6000}, {"name": "06 - Brainstorm de uma P\u00e1gina", "time_video": "01h40m00s", "time_video_seconds": 6000}, {"name": "07 - Dica para visualizar melhor um layout de p\u00e1gina", "time_video": "01h40m00s", "time_video_seconds": 6000}, {"name": "08 - Buscando Refer\u00eancias na Pr\u00e1tica", "time_video": "01h40m00s", "time_video_seconds": 6000}, {"name": "09 - Principais Erros de Design", "time_video": "01h40m00s", "time_video_seconds": 6000}, {"name": "10 - B\u00f4nus - Templates Exclusivos", "time_video": "01h40m00s", "time_video_seconds": 6000}]}, {"name": "04 - Manipula\u00e7\u00e3o de Imagens", "number": 4, "finalize_name": "04 - Manipula\u00e7\u00e3o de Imagens", "time_module": "20h00m00s", "time_module_seconds": 72000, "number_of_videos": 12, "files": [{"name": "01 - Introdu\u00e7\u00e3o Manipula\u00e7\u00e3o de Imagens", "time_video": "01h40m00s", "time_video_seconds": 6000}, {"name": "02 - Tamanhos e Resolu\u00e7\u00f5es", "time_video": "01h40m00s", "time_video_seconds": 6000}, {"name": "03 - Como ver a Resolu\u00e7\u00e3o da Imagem", "time_video": "01h40m00s", "time_video_seconds": 6000}, {"name": "04 - Formatos de Imagens para Web", "time_video": "01h40m00s", "time_video_seconds": 6000}, {"name": "05 - Como ver o Formato de uma Imagem", "time_video": "01h40m00s", "time_video_seconds": 6000}, {"name": "06 - Bancos de Imagens", "time_video": "01h40m00s", "time_video_seconds": 6000}, {"name": "07 - Photoshop e Photopea", "time_video": "01h40m00s", "time_video_seconds": 6000}, {"name": "08 - Primeiras Impress\u00f5es Photopea", "time_video": "01h40m00s", "time_video_seconds": 6000}, {"name": "09 - Optimizadores de Imagem", "time_video": "01h40m00s", "time_video_seconds": 6000}, {"name": "10 - Como Remover o Fundo de Uma Imagem com a varinha m\u00e1gica", "time_video": "01h40m00s", "time_video_seconds": 6000}, {"name": "10 - Como Remover o Fundo de Uma Imagem", "time_video": "01h40m00s", "time_video_seconds": 6000}, {"name": "11 - Como Cortar uma Imagem", "time_video": "01h40m00s", "time_video_seconds": 6000}]}, {"name": "05 - Criando uma Landing Page", "number": 5, "finalize_name": "05 - Criando uma Landing Page", "time_module": "18h20m00s", "time_module_seconds": 66000, "number_of_videos": 11, "files": [{"name": "01 - Introdu\u00e7\u00e3o", "time_video": "01h40m00s", "time_video_seconds": 6000}, {"name": "02 - Configura\u00e7\u00f5es Iniciais", "time_video": "01h40m00s", "time_video_seconds": 6000}, {"name": "03 - Capa - parte 1", "time_video": "01h40m00s", "time_video_seconds": 6000}, {"name": "03 - Capa - parte 2", "time_video": "01h40m00s", "time_video_seconds": 6000}, {"name": "04 - Se\u00e7\u00e3o de Informa\u00e7\u00f5es", "time_video": "01h40m00s", "time_video_seconds": 6000}, {"name": "05 - Se\u00e7\u00e3o de Testemunhos", "time_video": "01h40m00s", "time_video_seconds": 6000}, {"name": "06 - Se\u00e7\u00e3o de Dados", "time_video": "01h40m00s", "time_video_seconds": 6000}, {"name": "07 - Footer", "time_video": "01h40m00s", "time_video_seconds": 6000}, {"name": "08 - Otimiza\u00e7\u00f5es para Celular", "time_video": "01h40m00s", "time_video_seconds": 6000}, {"name": "09 - Exportando a P\u00e1gina para Outros Projetos", "time_video": "01h40m00s", "time_video_seconds": 6000}, {"name": "10 - Print da P\u00e1gina (Dica Extra)", "time_video": "01h40m00s", "time_video_seconds": 6000}]}, {"name": "06 - Criando um Site Institucional (PARTE 1)", "number": 6, "finalize_name": "06 - Criando um Site Institucional (PARTE 1)", "time_module": "38h20m00s", "time_module_seconds": 138000, "number_of_videos": 23, "files": [{"name": "10 - Editando as P\u00e1ginas com o Elementor (Imagens) - parte 1", "time_video": "01h40m00s", "time_video_seconds": 6000}, {"name": "01 - Introdu\u00e7\u00e3o", "time_video": "01h40m00s", "time_video_seconds": 6000}, {"name": "02 - PARTE 1 - Modelos Prontos -----", "time_video": "01h40m00s", "time_video_seconds": 6000}, {"name": "03 - Configura\u00e7\u00f5es iniciais Necess\u00e1rias", "time_video": "01h40m00s", "time_video_seconds": 6000}, {"name": "04 - Instalando o Astra e Escolhendo um Modelo", "time_video": "01h40m00s", "time_video_seconds": 6000}, {"name": "05 - O que mudou ap\u00f3s a importa\u00e7\u00e3o do modelo - parte 1", "time_video": "01h40m00s", "time_video_seconds": 6000}, {"name": "05 - O que mudou ap\u00f3s a importa\u00e7\u00e3o do modelo - parte 2", "time_video": "01h40m00s", "time_video_seconds": 6000}, {"name": "06 - Editando a P\u00e1gina", "time_video": "01h40m00s", "time_video_seconds": 6000}, {"name": "07 - Editando o Tema", "time_video": "01h40m00s", "time_video_seconds": 6000}, {"name": "08 - Editando o Menu", "time_video": "01h40m00s", "time_video_seconds": 6000}, {"name": "09 - Editando as P\u00e1ginas com o Elementor (Cores)", "time_video": "01h40m00s", "time_video_seconds": 6000}, {"name": "10 - Editando as P\u00e1ginas com o Elementor (Imagens) - parte 2", "time_video": "01h40m00s", "time_video_seconds": 6000}, {"name": "11 - Editando as P\u00e1ginas com o Elementor (Textos)", "time_video": "01h40m00s", "time_video_seconds": 6000}, {"name": "12 - Adicionando Novas Se\u00e7\u00f5es", "time_video": "01h40m00s", "time_video_seconds": 6000}, {"name": "13 - Otimiza\u00e7\u00f5es para Celular", "time_video": "01h40m00s", "time_video_seconds": 6000}, {"name": "14 - Padronizando as P\u00e1ginas - parte 1", "time_video": "01h40m00s", "time_video_seconds": 6000}, {"name": "14 - Padronizando as P\u00e1ginas - parte 2", "time_video": "01h40m00s", "time_video_seconds": 6000}, {"name": "15 - Footer, Global Widget e Se\u00e7\u00f5es Globais - parte 1", "time_video": "01h40m00s", "time_video_seconds": 6000}, {"name": "15 - Footer, Global Widget e Se\u00e7\u00f5es Globais - parte 2", "time_video": "01h40m00s", "time_video_seconds": 6000}, {"name": "15 - Footer, Global Widget e Se\u00e7\u00f5es Globais - parte 3", "time_video": "01h40m00s", "time_video_seconds": 6000}, {"name": "16 - Adicionando o Feed do Instagram e Outros Plugins - parte 1", "time_video": "01h40m00s", "time_video_seconds": 6000}, {"name": "16 - Adicionando o Feed do Instagram e Outros Plugins - parte 2", "time_video": "01h40m00s", "time_video_seconds": 6000}, {"name": "17 - Conclus\u00e3o Parte 1", "time_video": "01h40m00s", "time_video_seconds": 6000}]}, {"name": "07 - Site Institucional (PARTE 2)", "number": 7, "finalize_name": "07 - Site Institucional (PARTE 2)", "time_module": "35h00m00s", "time_module_seconds": 126000, "number_of_videos": 21, "files": [{"name": "01 - Introdu\u00e7\u00e3o", "time_video": "01h40m00s", "time_video_seconds": 6000}, {"name": "02 - Refer\u00eancia e Planejamento - parte 1", "time_video": "01h40m00s", "time_video_seconds": 6000}, {"name": "02 - Refer\u00eancia e Planejamento - parte 2", "time_video": "01h40m00s", "time_video_seconds": 6000}, {"name": "03 - Configura\u00e7\u00f5es Importantes", "time_video": "01h40m00s", "time_video_seconds": 6000}, {"name": "04 - P\u00e1gina Inicial (Menu, Capa e Servi\u00e7os) - parte 1", "time_video": "01h40m00s", "time_video_seconds": 6000}, {"name": "04 - P\u00e1gina Inicial (Menu, Capa e Servi\u00e7os) - parte 2", "time_video": "01h40m00s", "time_video_seconds": 6000}, {"name": "04 - P\u00e1gina Inicial (Menu, Capa e Servi\u00e7os) - parte 3", "time_video": "01h40m00s", "time_video_seconds": 6000}, {"name": "05 - P\u00e1gina Inicial (CTA, Descri\u00e7\u00e3o e Clientes) - parte 1", "time_video": "01h40m00s", "time_video_seconds": 6000}, {"name": "05 - P\u00e1gina Inicial (CTA, Descri\u00e7\u00e3o e Clientes) - parte 2", "time_video": "01h40m00s", "time_video_seconds": 6000}, {"name": "05 - P\u00e1gina Inicial (CTA, Descri\u00e7\u00e3o e Clientes) - parte 3", "time_video": "01h40m00s", "time_video_seconds": 6000}, {"name": "06 - P\u00e1gina Inicial (CTA, Formul\u00e1rio e Footer) - parte 1", "time_video": "01h40m00s", "time_video_seconds": 6000}, {"name": "06 - P\u00e1gina Inicial (CTA, Formul\u00e1rio e Footer) - parte 2", "time_video": "01h40m00s", "time_video_seconds": 6000}, {"name": "06 - P\u00e1gina Inicial (CTA, Formul\u00e1rio e Footer) - parte 3", "time_video": "01h40m00s", "time_video_seconds": 6000}, {"name": "07 - Otimizando para Celular", "time_video": "01h40m00s", "time_video_seconds": 6000}, {"name": "08 - Anima\u00e7\u00f5es e Efeitos de Movimento", "time_video": "01h40m00s", "time_video_seconds": 6000}, {"name": "09 - Padronizando Menu e Footer", "time_video": "01h40m00s", "time_video_seconds": 6000}, {"name": "10 - P\u00e1gina de Contato - parte 1", "time_video": "01h40m00s", "time_video_seconds": 6000}, {"name": "10 - P\u00e1gina de Contato - parte 2", "time_video": "01h40m00s", "time_video_seconds": 6000}, {"name": "10 - P\u00e1gina de Contato - parte 3", "time_video": "01h40m00s", "time_video_seconds": 6000}, {"name": "11 - P\u00e1gina Sobre N\u00f3s", "time_video": "01h40m00s", "time_video_seconds": 6000}, {"name": "12 - Definindo a p\u00e1gina inicial e finaliza\u00e7\u00e3o", "time_video": "01h40m00s", "time_video_seconds": 6000}]}, {"name": "08 - Criando Um Blog", "number": 8, "finalize_name": "08 - Criando Um Blog", "time_module": "25h00m00s", "time_module_seconds": 90000, "number_of_videos": 15, "files": [{"name": "01 - Introdu\u00e7\u00e3o", "time_video": "01h40m00s", "time_video_seconds": 6000}, {"name": "02 - Pra que serve um Blog", "time_video": "01h40m00s", "time_video_seconds": 6000}, {"name": "03 - Buscando Refer\u00eancias", "time_video": "01h40m00s", "time_video_seconds": 6000}, {"name": "04 - Criando Seu Primeiro Post", "time_video": "01h40m00s", "time_video_seconds": 6000}, {"name": "05 - Estruturas de Blog no WordPress", "time_video": "01h40m00s", "time_video_seconds": 6000}, {"name": "06 - Criando o Modelo da P\u00e1gina de Posts - parte 1", "time_video": "01h40m00s", "time_video_seconds": 6000}, {"name": "06 - Criando o Modelo da P\u00e1gina de Posts - parte 2", "time_video": "01h40m00s", "time_video_seconds": 6000}, {"name": "06 - Criando o Modelo da P\u00e1gina de Posts - parte 3", "time_video": "01h40m00s", "time_video_seconds": 6000}, {"name": "07 - Escrevendo Boas Postagens", "time_video": "01h40m00s", "time_video_seconds": 6000}, {"name": "08 - Categorias", "time_video": "01h40m00s", "time_video_seconds": 6000}, {"name": "09 - Criando a P\u00e1gina Blog", "time_video": "01h40m00s", "time_video_seconds": 6000}, {"name": "10 - Usando o Widget de Posts - parte 1", "time_video": "01h40m00s", "time_video_seconds": 6000}, {"name": "10 - Usando o Widget de Posts - parte 2", "time_video": "01h40m00s", "time_video_seconds": 6000}, {"name": "11 - Finalizando o Layout da P\u00e1gina de Posts", "time_video": "01h40m00s", "time_video_seconds": 6000}, {"name": "12 - (Extra) Como trocar a foto de perfil do Usu\u00e1rio - Gravatar", "time_video": "01h40m00s", "time_video_seconds": 6000}]}, {"name": "09 - Fazendo Uma Loja Virtual", "number": 9, "finalize_name": "09 - Fazendo Uma Loja Virtual", "time_module": "56h40m00s", "time_module_seconds": 204000, "number_of_videos": 34, "files": [{"name": "01 - Passos Iniciais e Conceitos Basicos - parte 1", "time_video": "01h40m00s", "time_video_seconds": 6000}, {"name": "01 - Passos Iniciais e Conceitos Basicos - parte 2", "time_video": "01h40m00s", "time_video_seconds": 6000}, {"name": "02 - Planejando o Seu Ecommerce", "time_video": "01h40m00s", "time_video_seconds": 6000}, {"name": "03 - Loja de Informatica (Astra) - parte 1 - P1", "time_video": "01h40m00s", "time_video_seconds": 6000}, {"name": "03 - Loja de Informatica (Astra) - parte 2 - P1", "time_video": "01h40m00s", "time_video_seconds": 6000}, {"name": "03 - Loja de Informatica (Astra) - parte 3 - P1", "time_video": "01h40m00s", "time_video_seconds": 6000}, {"name": "04 - Loja de Informatica (Astra) - parte 1 - P2", "time_video": "01h40m00s", "time_video_seconds": 6000}, {"name": "04 - Loja de Informatica (Astra) - parte 2 - P2", "time_video": "01h40m00s", "time_video_seconds": 6000}, {"name": "05 - Paginas da Loja de Informatica (Astra) - parte 1 - P3", "time_video": "01h40m00s", "time_video_seconds": 6000}, {"name": "05 - Paginas da Loja de Informatica (Astra) - parte 2 - P3", "time_video": "01h40m00s", "time_video_seconds": 6000}, {"name": "06 - Loja de Informatica (Astra) - parte 1 - P4", "time_video": "01h40m00s", "time_video_seconds": 6000}, {"name": "06 - Loja de Informatica (Astra) - parte 2 - P4", "time_video": "01h40m00s", "time_video_seconds": 6000}, {"name": "06 - Loja de Informatica (Astra) - parte 3 - P4", "time_video": "01h40m00s", "time_video_seconds": 6000}, {"name": "07 - Loja de Informatica (Astra) - parte 1 - P5", "time_video": "01h40m00s", "time_video_seconds": 6000}, {"name": "07 - Loja de Informatica (Astra) - parte 2 - P5", "time_video": "01h40m00s", "time_video_seconds": 6000}, {"name": "07 - Loja de Informatica (Astra) - parte 3 - P5", "time_video": "01h40m00s", "time_video_seconds": 6000}, {"name": "08 - Ajustes Finais do Tema (Astra) P5", "time_video": "01h40m00s", "time_video_seconds": 6000}, {"name": "09 - Loja de Doces (OceanWp) - parte 1 - P1", "time_video": "01h40m00s", "time_video_seconds": 6000}, {"name": "09 - Loja de Doces (OceanWp) - parte 2 - P1", "time_video": "01h40m00s", "time_video_seconds": 6000}, {"name": "10 - Pagina Inicial Loja de doces (OceanWP) - parte 1 - P2", "time_video": "01h40m00s", "time_video_seconds": 6000}, {"name": "11 - Cadastrando Produtos Loja de Doces (OceanWP) - parte 1 - P3", "time_video": "01h40m00s", "time_video_seconds": 6000}, {"name": "11 - Cadastrando Produtos Loja de Doces (OceanWP) - parte 2 - P3", "time_video": "01h40m00s", "time_video_seconds": 6000}, {"name": "12 - Configurando Loja de Doces (OceanWP) - parte 1 - P4", "time_video": "01h40m00s", "time_video_seconds": 6000}, {"name": "12 - Configurando Loja de Doces (OceanWP) - parte 2 - P4", "time_video": "01h40m00s", "time_video_seconds": 6000}, {"name": "12 - Configurando Loja de Doces (OceanWP) - parte 3 - P4", "time_video": "01h40m00s", "time_video_seconds": 6000}, {"name": "13 - Loja de Doces (OceanWP) - parte 1 - P5", "time_video": "01h40m00s", "time_video_seconds": 6000}, {"name": "13 - Loja de Doces (OceanWP) - parte 2 - P5", "time_video": "01h40m00s", "time_video_seconds": 6000}, {"name": "13 - Loja de Doces (OceanWP) - parte 3 - P5", "time_video": "01h40m00s", "time_video_seconds": 6000}, {"name": "14 - Sistemas de Pagamentos - parte 1", "time_video": "01h40m00s", "time_video_seconds": 6000}, {"name": "14 - Sistemas de Pagamentos - parte 2", "time_video": "01h40m00s", "time_video_seconds": 6000}, {"name": "15 - Configurando SSL (IMPORTANTE) - parte 1", "time_video": "01h40m00s", "time_video_seconds": 6000}, {"name": "15 - Configurando SSL (IMPORTANTE) - parte 2", "time_video": "01h40m00s", "time_video_seconds": 6000}, {"name": "05 - Paginas da Loja de Informatica (Astra) - parte 3 - P3", "time_video": "01h40m00s", "time_video_seconds": 6000}, {"name": "10 - Pagina Inicial Loja de doces (OceanWP) - parte 2 - P2", "time_video": "01h40m00s", "time_video_seconds": 6000}]}, {"name": "10 - Criando Uma Loja Virtual (Antigo)", "number": 10, "finalize_name": "10 - Criando Uma Loja Virtual (Antigo)", "time_module": "26h40m00s", "time_module_seconds": 96000, "number_of_videos": 16, "files": [{"name": "01 - Conceitos B\u00e1sicos E-commerce", "time_video": "01h40m00s", "time_video_seconds": 6000}, {"name": "02 - Instala\u00e7\u00e3o do WooCommerce e Configura\u00e7\u00e3o do Wordpress", "time_video": "01h40m00s", "time_video_seconds": 6000}, {"name": "02-1 - Como Resetar um Site WordPress para voltar ao padr\u00e3o", "time_video": "01h40m00s", "time_video_seconds": 6000}, {"name": "03 - Personalizando o OceanWP", "time_video": "01h40m00s", "time_video_seconds": 6000}, {"name": "04 - Criando P\u00e1gina Inicial", "time_video": "01h40m00s", "time_video_seconds": 6000}, {"name": "04-1 - P2 - Criando a Pagina Inicial Ecommerce", "time_video": "01h40m00s", "time_video_seconds": 6000}, {"name": "05 - Produto Simples", "time_video": "01h40m00s", "time_video_seconds": 6000}, {"name": "06 - Produto Vari\u00e1vel", "time_video": "01h40m00s", "time_video_seconds": 6000}, {"name": "07 - Configurando o WooCommerce", "time_video": "01h40m00s", "time_video_seconds": 6000}, {"name": "08 - Configurando a P\u00e1gina da Loja", "time_video": "01h40m00s", "time_video_seconds": 6000}, {"name": "09 - Testando Nosso Ecommerce", "time_video": "01h40m00s", "time_video_seconds": 6000}, {"name": "10 - Adicionando Produtos \u00e0 p\u00e1gina Inicial (Shortcode)", "time_video": "01h40m00s", "time_video_seconds": 6000}, {"name": "11 - Adicionando Produtos \u00e0 p\u00e1gina inicial (Elementor Pro)", "time_video": "01h40m00s", "time_video_seconds": 6000}, {"name": "11-1 - Add Produtos Pagina Inicial Elementor Pro", "time_video": "01h40m00s", "time_video_seconds": 6000}, {"name": "12 - Personalizando Bot\u00f5es de Comprar do Woocommerce", "time_video": "01h40m00s", "time_video_seconds": 6000}, {"name": "13 - Sistema de Pagamentos (MercadoPago)", "time_video": "01h40m00s", "time_video_seconds": 6000}]}, {"name": "11 - Plugins e Ferramentas Essenciais", "number": 11, "finalize_name": "11 - Plugins e Ferramentas Essenciais", "time_module": "10h00m00s", "time_module_seconds": 36000, "number_of_videos": 6, "files": [{"name": "01 - Introdu\u00e7\u00e3o e Vis\u00e3o Geral", "time_video": "01h40m00s", "time_video_seconds": 6000}, {"name": "02 - Duplicate Post (Duplicar P\u00e1ginas e Posts)", "time_video": "01h40m00s", "time_video_seconds": 6000}, {"name": "03 - WP Cache (Melhorar Carregamento das P\u00e1ginas)", "time_video": "01h40m00s", "time_video_seconds": 6000}, {"name": "04 - WordFence (Anti V\u00edrus, Anti Malware)", "time_video": "01h40m00s", "time_video_seconds": 6000}, {"name": "05 - Jetpack (An\u00e1lise de dados)", "time_video": "01h40m00s", "time_video_seconds": 6000}, {"name": "06 - UpDraft Plus (Backup Autom\u00e1tico)", "time_video": "01h40m00s", "time_video_seconds": 6000}]}, {"name": "12 - Email Marketing", "number": 12, "finalize_name": "12 - Email Marketing", "time_module": "21h40m00s", "time_module_seconds": 78000, "number_of_videos": 13, "files": [{"name": "01 - Conceito de Constru\u00e7\u00e3o de Lista", "time_video": "01h40m00s", "time_video_seconds": 6000}, {"name": "02 - Principais Ferramentas de Email Marketing", "time_video": "01h40m00s", "time_video_seconds": 6000}, {"name": "03 - Vis\u00e3o Geral do Mailchimp", "time_video": "01h40m00s", "time_video_seconds": 6000}, {"name": "04 - Primeiros Passos Mailchimp", "time_video": "01h40m00s", "time_video_seconds": 6000}, {"name": "05 - Criando Seu Primeiro Template", "time_video": "01h40m00s", "time_video_seconds": 6000}, {"name": "06 - Criando a Sua Primeira Lista", "time_video": "01h40m00s", "time_video_seconds": 6000}, {"name": "07 - Segmentos, Grupos e Tags", "time_video": "01h40m00s", "time_video_seconds": 6000}, {"name": "08 - Como Criar Uma Campanha Autom\u00e1tica", "time_video": "01h40m00s", "time_video_seconds": 6000}, {"name": "09 - Configurando Mailchimp no Elementor", "time_video": "01h40m00s", "time_video_seconds": 6000}, {"name": "10 - Os 3 Tipos de Captura", "time_video": "01h40m00s", "time_video_seconds": 6000}, {"name": "11 - Formul\u00e1rio de Contato Integrado com Mailchimp", "time_video": "01h40m00s", "time_video_seconds": 6000}, {"name": "12 - Como Analisar Suas Campanhas", "time_video": "01h40m00s", "time_video_seconds": 6000}, {"name": "13 - Interface Atualizada (Mailchimp)", "time_video": "01h40m00s", "time_video_seconds": 6000}]}, {"name": "13 - S.E.O. (Otimiza\u00e7\u00e3o para o Google)", "number": 13, "finalize_name": "13 - S.E.O. (Otimiza\u00e7\u00e3o para o Google)", "time_module": "15h00m00s", "time_module_seconds": 54000, "number_of_videos": 9, "files": [{"name": "01 - Introdu\u00e7\u00e3o ao S.E.O.", "time_video": "01h40m00s", "time_video_seconds": 6000}, {"name": "02 - Primeiros Passos com Yoast SEO (plugin)", "time_video": "01h40m00s", "time_video_seconds": 6000}, {"name": "03 - Google Search Console", "time_video": "01h40m00s", "time_video_seconds": 6000}, {"name": "04 - Yoast SEO - Configura\u00e7\u00f5es Finais - parte 1", "time_video": "01h40m00s", "time_video_seconds": 6000}, {"name": "04 - Yoast SEO - Configura\u00e7\u00f5es Finais - parte 2", "time_video": "01h40m00s", "time_video_seconds": 6000}, {"name": "05 - Adicionando o Site Map no Google Search Console", "time_video": "01h40m00s", "time_video_seconds": 6000}, {"name": "06 - Pesquisa de Keywords", "time_video": "01h40m00s", "time_video_seconds": 6000}, {"name": "07 - Otimizando seus Textos para SEO", "time_video": "01h40m00s", "time_video_seconds": 6000}, {"name": "08 - Auxiliar do Yoast", "time_video": "01h40m00s", "time_video_seconds": 6000}]}, {"name": "14 - Negocia\u00e7\u00e3o", "number": 14, "finalize_name": "14 - Negocia\u00e7\u00e3o", "time_module": "21h40m00s", "time_module_seconds": 78000, "number_of_videos": 13, "files": [{"name": "01 - Introdu\u00e7\u00e3o", "time_video": "01h40m00s", "time_video_seconds": 6000}, {"name": "02 - Portf\u00f3lio", "time_video": "01h40m00s", "time_video_seconds": 6000}, {"name": "03 - Entendendo o Cliente", "time_video": "01h40m00s", "time_video_seconds": 6000}, {"name": "04 - Se Preparando para a Reuni\u00e3o", "time_video": "01h40m00s", "time_video_seconds": 6000}, {"name": "05 - Negociando", "time_video": "01h40m00s", "time_video_seconds": 6000}, {"name": "06 - Educando o Cliente", "time_video": "01h40m00s", "time_video_seconds": 6000}, {"name": "07 - Precifica\u00e7\u00e3o", "time_video": "01h40m00s", "time_video_seconds": 6000}, {"name": "08 - Or\u00e7amento", "time_video": "01h40m00s", "time_video_seconds": 6000}, {"name": "09 - Modelo de Contrato", "time_video": "01h40m00s", "time_video_seconds": 6000}, {"name": "10 - Alinhamento e Entrega", "time_video": "01h40m00s", "time_video_seconds": 6000}, {"name": "11 - P\u00f3s Venda e Feedbacks", "time_video": "01h40m00s", "time_video_seconds": 6000}, {"name": "12 - MEI (B\u00f4nus)", "time_video": "01h40m00s", "time_video_seconds": 6000}, {"name": "13 - (Extra) Pr\u00f3ximos Passos - Como Cobrar uma Recorr\u00eancia do seu Cliente", "time_video": "01h40m00s", "time_video_seconds": 6000}]}, {"name": "15 - Extras", "number": 15, "finalize_name": "15 - Extras", "time_module": "11h40m00s", "time_module_seconds": 42000, "number_of_videos": 7, "files": [{"name": "01 - Criando uma P\u00e1gina de Em Manuten\u00e7\u00e3o", "time_video": "01h40m00s", "time_video_seconds": 6000}, {"name": "02 - Certificado SSL (https)", "time_video": "01h40m00s", "time_video_seconds": 6000}, {"name": "03 - Como Instalar o Pixel do Facebook no seu Site - parte 1", "time_video": "01h40m00s", "time_video_seconds": 6000}, {"name": "03 - Como Instalar o Pixel do Facebook no seu Site - parte 2", "time_video": "01h40m00s", "time_video_seconds": 6000}, {"name": "04 - Como Criar e Configurar a Tag do Google no seu Site", "time_video": "01h40m00s", "time_video_seconds": 6000}, {"name": "05 - Criando P\u00fablicos no Google Ads", "time_video": "01h40m00s", "time_video_seconds": 6000}, {"name": "06 - Dica - Como Configurar a HotMart com o MailChimp! (ListBoss)", "time_video": "01h40m00s", "time_video_seconds": 6000}]}, {"name": "16 - AUL\u00d5ES DE SEXTA", "number": 16, "finalize_name": "16 - AUL\u00d5ES DE SEXTA", "time_module": "10h00m00s", "time_module_seconds": 36000, "number_of_videos": 6, "files": [{"name": "01 - ETAPA 1 - Achando Clientes", "time_video": "01h40m00s", "time_video_seconds": 6000}, {"name": "02 - ETAPA 2 - Vendendo para o Cliente", "time_video": "01h40m00s", "time_video_seconds": 6000}, {"name": "03 - ETAPA 3 - Entregando para o Cliente", "time_video": "01h40m00s", "time_video_seconds": 6000}, {"name": "04 - Comece a Pensar Mobile First", "time_video": "01h40m00s", "time_video_seconds": 6000}, {"name": "05 - Os Segredos da Otimiza\u00e7\u00e3o", "time_video": "01h40m00s", "time_video_seconds": 6000}, {"name": "06 - Como Realmente se Adequar a LGPD", "time_video": "01h40m00s", "time_video_seconds": 6000}]}, {"name": "17 - Elementor Pro", "number": 17, "finalize_name": "17 - Elementor Pro", "time_module": "61h40m00s", "time_module_seconds": 222000, "number_of_videos": 37, "files": [{"name": "13 - Portfolio (Widgets Pro)", "time_video": "01h40m00s", "time_video_seconds": 6000}, {"name": "01 - Instalando o Elementor Pro", "time_video": "01h40m00s", "time_video_seconds": 6000}, {"name": "02 - Introdu\u00e7\u00e3o", "time_video": "01h40m00s", "time_video_seconds": 6000}, {"name": "03 - Meus Modelos - Header e Footer", "time_video": "01h40m00s", "time_video_seconds": 6000}, {"name": "04 - Meus Modelos - Arquivos", "time_video": "01h40m00s", "time_video_seconds": 6000}, {"name": "05 - Global Widgets", "time_video": "01h40m00s", "time_video_seconds": 6000}, {"name": "06 - Conte\u00fado Din\u00e2mico", "time_video": "01h40m00s", "time_video_seconds": 6000}, {"name": "07 - Fun\u00e7\u00e3o Sticky - parte 1", "time_video": "01h40m00s", "time_video_seconds": 6000}, {"name": "07 - Fun\u00e7\u00e3o Sticky - parte 2", "time_video": "01h40m00s", "time_video_seconds": 6000}, {"name": "08 - Integrando o MailChimp com o Forms", "time_video": "01h40m00s", "time_video_seconds": 6000}, {"name": "09 - Criando uma se\u00e7\u00e3o de Receber Novidades por Email! (com Mailchimp)", "time_video": "01h40m00s", "time_video_seconds": 6000}, {"name": "10 - PopUps (NOVO!)", "time_video": "01h40m00s", "time_video_seconds": 6000}, {"name": "11 - Menu com PopUp", "time_video": "01h40m00s", "time_video_seconds": 6000}, {"name": "12 - Posts (Widgets Pro)", "time_video": "01h40m00s", "time_video_seconds": 6000}, {"name": "14 - Gallery (Widgets Pro)", "time_video": "01h40m00s", "time_video_seconds": 6000}, {"name": "15 - Forms (Widgets Pro) - parte 1", "time_video": "01h40m00s", "time_video_seconds": 6000}, {"name": "15 - Forms (Widgets Pro) - parte 2", "time_video": "01h40m00s", "time_video_seconds": 6000}, {"name": "15-1 - Como Criar um Formul\u00e1rio de Contato - Com Elementor Pro", "time_video": "01h40m00s", "time_video_seconds": 6000}, {"name": "16 - Mult Step Form", "time_video": "01h40m00s", "time_video_seconds": 6000}, {"name": "17 - Login (Widgets Pro)", "time_video": "01h40m00s", "time_video_seconds": 6000}, {"name": "18 - NavMenu (Widgets Pro)", "time_video": "01h40m00s", "time_video_seconds": 6000}, {"name": "19 - Animated Headlines (Widgets Pro)", "time_video": "01h40m00s", "time_video_seconds": 6000}, {"name": "20 - Slide (Widgets Pro)", "time_video": "01h40m00s", "time_video_seconds": 6000}, {"name": "21 - Price List (Widgets Pro)", "time_video": "01h40m00s", "time_video_seconds": 6000}, {"name": "22 - Price Table (Widgets Pro)", "time_video": "01h40m00s", "time_video_seconds": 6000}, {"name": "23 - Flip Box (Widgets Pro)", "time_video": "01h40m00s", "time_video_seconds": 6000}, {"name": "24 - Call to Action (Widgets Pro)", "time_video": "01h40m00s", "time_video_seconds": 6000}, {"name": "25 - Media Carousel (Widgets Pro)", "time_video": "01h40m00s", "time_video_seconds": 6000}, {"name": "26 - Testimonial Carousel (Widgets Pro)", "time_video": "01h40m00s", "time_video_seconds": 6000}, {"name": "27 - Reviews (Widgets Pro)", "time_video": "01h40m00s", "time_video_seconds": 6000}, {"name": "28 - Countdown (Widgets Pro)", "time_video": "01h40m00s", "time_video_seconds": 6000}, {"name": "29 - Table of Contents (Widgets Pro)", "time_video": "01h40m00s", "time_video_seconds": 6000}, {"name": "30 - Share Buttons (Widgets Pro)", "time_video": "01h40m00s", "time_video_seconds": 6000}, {"name": "31 - Blockquote (Widgets Pro)", "time_video": "01h40m00s", "time_video_seconds": 6000}, {"name": "32 - Facebook Widgets (Widgets Pro)", "time_video": "01h40m00s", "time_video_seconds": 6000}, {"name": "33 - Templates (Widgets Pro)", "time_video": "01h40m00s", "time_video_seconds": 6000}, {"name": "34 - Lottie (Anima\u00e7\u00f5es)", "time_video": "01h40m00s", "time_video_seconds": 6000}]}, {"name": "18 - Reuni\u00f5es com Clientes (Estudos de Caso)", "number": 18, "finalize_name": "18 - Reuni\u00f5es com Clientes (Estudos de Caso)", "time_module": "05h00m00s", "time_module_seconds": 18000, "number_of_videos": 3, "files": [{"name": "02 - Reuni\u00e3o com Cliente - Primeira Reuni\u00e3o", "time_video": "01h40m00s", "time_video_seconds": 6000}, {"name": "03 - Reuni\u00e3o com Cliente - Reuni\u00e3o de FolowUp", "time_video": "01h40m00s", "time_video_seconds": 6000}, {"name": "04 - Reuni\u00e3o com Cliente - Entrega do Site", "time_video": "01h40m00s", "time_video_seconds": 6000}]}, {"name": "19 - Desenvolvendo um Site de Cliente - Passo a passo completo", "number": 19, "finalize_name": "19 - Desenvolvendo um Site de Cliente", "time_module": "35h00m00s", "time_module_seconds": 126000, "number_of_videos": 21, "files": [{"name": "01 - Introdu\u00e7\u00e3o", "time_video": "01h40m00s", "time_video_seconds": 6000}, {"name": "02 - Dom\u00ednio e Hospedagem do Cliente", "time_video": "01h40m00s", "time_video_seconds": 6000}, {"name": "03 - Configura\u00e7\u00f5es Iniciais do Projeto + Imagens - parte 1", "time_video": "01h40m00s", "time_video_seconds": 6000}, {"name": "03 - Configura\u00e7\u00f5es Iniciais do Projeto + Imagens - parte 2", "time_video": "01h40m00s", "time_video_seconds": 6000}, {"name": "03 - Configura\u00e7\u00f5es Iniciais do Projeto + Imagens - parte 3", "time_video": "01h40m00s", "time_video_seconds": 6000}, {"name": "04 - Implementa\u00e7\u00e3o do Layout - parte 1", "time_video": "01h40m00s", "time_video_seconds": 6000}, {"name": "04 - Implementa\u00e7\u00e3o do Layout - parte 2", "time_video": "01h40m00s", "time_video_seconds": 6000}, {"name": "04 - Implementa\u00e7\u00e3o do Layout - parte 3", "time_video": "01h40m00s", "time_video_seconds": 6000}, {"name": "05 - Implementa\u00e7\u00e3o do Layout (parte 2) - parte 1", "time_video": "01h40m00s", "time_video_seconds": 6000}, {"name": "05 - Implementa\u00e7\u00e3o do Layout (parte 2) - parte 2", "time_video": "01h40m00s", "time_video_seconds": 6000}, {"name": "05 - Implementa\u00e7\u00e3o do Layout (parte 2) - parte 3", "time_video": "01h40m00s", "time_video_seconds": 6000}, {"name": "06 - Adicionando os Links", "time_video": "01h40m00s", "time_video_seconds": 6000}, {"name": "07 - Otimizando para Celular", "time_video": "01h40m00s", "time_video_seconds": 6000}, {"name": "08 - Modifica\u00e7\u00f5es Solicitadas pelo Cliente", "time_video": "01h40m00s", "time_video_seconds": 6000}, {"name": "09 - Configura\u00e7\u00f5es de S.E.O. (Yoast e Google Search Console) - parte 1", "time_video": "01h40m00s", "time_video_seconds": 6000}, {"name": "09 - Configura\u00e7\u00f5es de S.E.O. (Yoast e Google Search Console) - parte 2", "time_video": "01h40m00s", "time_video_seconds": 6000}, {"name": "10 - Padronizando as P\u00e1ginas do Tema e Exportando as P\u00e1ginas", "time_video": "01h40m00s", "time_video_seconds": 6000}, {"name": "11 - \u00daltimas Configura\u00e7\u00f5es - Preparando para a Entrega - parte 1", "time_video": "01h40m00s", "time_video_seconds": 6000}, {"name": "11 - \u00daltimas Configura\u00e7\u00f5es - Preparando para a Entrega - parte 2", "time_video": "01h40m00s", "time_video_seconds": 6000}, {"name": "11 - \u00daltimas Configura\u00e7\u00f5es - Preparando para a Entrega - parte 3", "time_video": "01h40m00s", "time_video_seconds": 6000}, {"name": "12 - Conclus\u00e3o", "time_video": "01h40m00s", "time_video_seconds": 6000}]}, {"name": "20 - An\u00e1lises de Sites de Alunos", "number": 20, "finalize_name": "20 - An\u00e1lises de Sites de Alunos", "time_module": "13h20m00s", "time_module_seconds": 48000, "number_of_videos": 8, "files": [{"name": "02 - Site de Poker - Ivan", "time_video": "01h40m00s", "time_video_seconds": 6000}, {"name": "03 - Site Institucional - Evandro", "time_video": "01h40m00s", "time_video_seconds": 6000}, {"name": "04 - Site Institucional - Alto da Toca Baterias", "time_video": "01h40m00s", "time_video_seconds": 6000}, {"name": "05 - Site de Vendas de um Evento - Noemy - parte 1", "time_video": "01h40m00s", "time_video_seconds": 6000}, {"name": "05 - Site de Vendas de um Evento - Noemy - parte 2", "time_video": "01h40m00s", "time_video_seconds": 6000}, {"name": "06 - P\u00e1gina de Captura - Portf\u00f3lio - Cristophe", "time_video": "01h40m00s", "time_video_seconds": 6000}, {"name": "07 - Site do Pr\u00f3prio Neg\u00f3cio - Renato Severo - cursoterapiafloral", "time_video": "01h40m00s", "time_video_seconds": 6000}, {"name": "08 - Site de Cursos de Dan\u00e7a - Ricardo Abelhas", "time_video": "01h40m00s", "time_video_seconds": 6000}]}, {"name": "21 - MENTORIAS EM GRUPO", "number": 21, "finalize_name": "21 - MENTORIAS EM GRUPO", "time_module": "08h20m00s", "time_module_seconds": 30000, "number_of_videos": 5, "files": [{"name": "01 - MENTORIA EM GRUPO", "time_video": "01h40m00s", "time_video_seconds": 6000}, {"name": "02 - MENTORIA EM GRUPO", "time_video": "01h40m00s", "time_video_seconds": 6000}, {"name": "03 - MENTORIA EM GRUPO", "time_video": "01h40m00s", "time_video_seconds": 6000}, {"name": "04 - MENTORIA EM GRUPO", "time_video": "01h40m00s", "time_video_seconds": 6000}, {"name": "05 - MENTORIA EM GRUPO", "time_video": "01h40m00s", "time_video_seconds": 6000}]}, {"name": "22 - MOBILE FIRST", "number": 22, "finalize_name": "22 - MOBILE FIRST", "time_module": "15h00m00s", "time_module_seconds": 54000, "number_of_videos": 9, "files": [{"name": "01 - Pense Mobile First! (AUL\u00c3O DE SEXTA)", "time_video": "01h40m00s", "time_video_seconds": 6000}, {"name": "02 - Passo a Passo - Introdu\u00e7\u00e3o", "time_video": "01h40m00s", "time_video_seconds": 6000}, {"name": "03 - P\u00e1gina Inicial - parte 1", "time_video": "01h40m00s", "time_video_seconds": 6000}, {"name": "03 - P\u00e1gina Inicial - parte 2", "time_video": "01h40m00s", "time_video_seconds": 6000}, {"name": "03 - P\u00e1gina Inicial - parte 3", "time_video": "01h40m00s", "time_video_seconds": 6000}, {"name": "04 - Carrossel", "time_video": "01h40m00s", "time_video_seconds": 6000}, {"name": "05 - Footer", "time_video": "01h40m00s", "time_video_seconds": 6000}, {"name": "06 - PopUps - parte 1", "time_video": "01h40m00s", "time_video_seconds": 6000}, {"name": "06 - PopUps - parte 2", "time_video": "01h40m00s", "time_video_seconds": 6000}]}, {"name": "23 - Trabalhando de Forma Remota", "number": 23, "finalize_name": "23 - Trabalhando de Forma Remota", "time_module": "13h20m00s", "time_module_seconds": 48000, "number_of_videos": 8, "files": [{"name": "01 - Introdu\u00e7\u00e3o", "time_video": "01h40m00s", "time_video_seconds": 6000}, {"name": "02 - Zoom", "time_video": "01h40m00s", "time_video_seconds": 6000}, {"name": "03 - Google Drive", "time_video": "01h40m00s", "time_video_seconds": 6000}, {"name": "04 - Trello", "time_video": "01h40m00s", "time_video_seconds": 6000}, {"name": "05 - YouCanBookMe - parte 1", "time_video": "01h40m00s", "time_video_seconds": 6000}, {"name": "05 - YouCanBookMe - parte 2", "time_video": "01h40m00s", "time_video_seconds": 6000}, {"name": "06 - Discord", "time_video": "01h40m00s", "time_video_seconds": 6000}, {"name": "07 - Slack", "time_video": "01h40m00s", "time_video_seconds": 6000}]}, {"name": "24 - Site Anitta - (Efeitos de Movimento e PopUp)", "number": 24, "finalize_name": "24 - Site Anitta", "time_module": "05h00m00s", "time_module_seconds": 18000, "number_of_videos": 3, "files": [{"name": "01 - Constru\u00e7\u00e3o do Layout", "time_video": "01h40m00s", "time_video_seconds": 6000}, {"name": "02 - Mouse Track e 3D Tilt", "time_video": "01h40m00s", "time_video_seconds": 6000}, {"name": "03 - Criando um PopUp Acionado por Bot\u00e3o", "time_video": "01h40m00s", "time_video_seconds": 6000}]}, {"name": "25 - Teoria das Cores", "number": 25, "finalize_name": "25 - Teoria das Cores", "time_module": "01h40m00s", "time_module_seconds": 6000, "number_of_videos": 1, "files": [{"name": "08 - Atualiza\u00e7\u00e3o - Salvando as Cores Padr\u00f5es no Elementor", "time_video": "01h40m00s", "time_video_seconds": 6000}]}, {"name": "26 - Como Criar um Logotipo Simples", "number": 26, "finalize_name": "26 - Como Criar um Logotipo Simples", "time_module": "08h20m00s", "time_module_seconds": 30000, "number_of_videos": 5, "files": [{"name": "01 - Canva", "time_video": "01h40m00s", "time_video_seconds": 6000}, {"name": "02 - Logotipo - Modelo 1", "time_video": "01h40m00s", "time_video_seconds": 6000}, {"name": "03 - Logotipo - Modelo 2", "time_video": "01h40m00s", "time_video_seconds": 6000}, {"name": "04 - Tirando o Fundo do Logotipo e Algumas Dicas", "time_video": "01h40m00s", "time_video_seconds": 6000}, {"name": "05 - B\u00f4nu - Vintepila e Workana", "time_video": "01h40m00s", "time_video_seconds": 6000}]}, {"name": "27 - Maratona Lucrando com Sites", "number": 27, "finalize_name": "27 - Maratona Lucrando com Sites", "time_module": "05h00m00s", "time_module_seconds": 18000, "number_of_videos": 3, "files": [{"name": "01 - Por que um site vale BEM mais que R$2.500", "time_video": "01h40m00s", "time_video_seconds": 6000}, {"name": "02 - Ferramentas Necess\u00e1rias para Criar um Site Profissional", "time_video": "01h40m00s", "time_video_seconds": 6000}, {"name": "03 - Como fechar seus projetos com Clientes!", "time_video": "01h40m00s", "time_video_seconds": 6000}]}]}